Reference Descriptor,Reference,Descriptor,Primary,How to Prepare,Suggested Brands
Floral,Jasmine Green Tea,Floral,Floral,"Remove tea from bag, place one tea bag or 1 teaspoon in a plastic or glass cup and cover. Steep for 5 minutes and remove bag. 
","Bigelow Jasmine Green Tea, Twinings Jasmine Green Tea, Numi Jasmine Green Tea, Rika’s classic Te de Jazmin, Pique Green Jasmine Tea"
Floral,“Le Nez du Café Revelation” (36 vials) – Vial #12:  Coffee Blossom,Floral,Floral,One drop of oil on a cotton ball; place in a plastic or glass cup and cover. ,Jean Lenoir “Le Nez du Café” Revelations Edition (36 Aromas)
Floral,Scentone T100 –  Vial #68,Floral,Floral,One drop of oil on a cotton ball; place in a plastic or glass cup and cover.,“Scentone” T100 
Floral,Carnation Oil,Floral,Floral,One drop of oil on a cotton ball; place in a plastic or glass cup and cover.,"Salvia Carnation Oil, Nature’s Oil Floral Carnation Oil, Young Living/DoTerra Carnation Essential Oil"
Floral,White Grape Juice,Floral,Floral,Place juice in a plastic or glass cup and cover. ,Welch’s White Grape Juice
Fruity,Apple sauce (puree),Fruity,Fruity,"Dilute pure apple puree/sauce on a one-to-one ratio, place in a glass or plastic cup and cover. ","Gerber, Motts (be mindful of no spices added). "
Fruity,“Le Nez du Café Revelation” (36 vials) – Vial #17: Apple,Fruity,Fruity,One drop of oil on a cotton ball; place in a plastic or glass cup and cover.,Jean Lenoir “Le Nez du Café” Revelations Edition (36 Aromas)
Fruity,Scentone T100 – Vial #32 – Apple,Fruity,Fruity,One drop of oil on a cotton ball; place in a plastic or glass cup and cover.,“Scentone” T100 
Fruity,Kiwi-strawberry juice,Fruity,Fruity,Place juice in a plastic or glass cup and cover. ,Juicy-Juice 100% Juice Strawberry-Kiwi 
Berry,Strawberries,Berry,Fruity,Place all natural strawberries (ripe) in a glass or plastic container at room temperature and cover. ,Any
Berry,Strawberry syrup,Berry,Fruity,Place in a glass or plastic cup and cover.,"Monin, Torani, DaVinci Gourmet"
Berry,“Le Nez du Vin” – Vial #12: Strawberry,Berry,Fruity,"One drop of oil on a cotton ball, place in a plastic or glass cup and cover.",Jean Lenoir “Le Nez du Vin” 
Berry,Scentone T100 – Vial # 15: Strawberry,Berry,Fruity,"One drop of oil on a cotton ball, place in a plastic or glass cup and cover.",“Scentone” T100 
Dried Fruit,Raisins and Prunes,Dried Fruit,Fruity,¼ cup dry raisins and ¼ cup dry prunes chopped. Add ¾ cup water and cook in microwave on high for 2 minutes. Filter liquid with sieve. Place in a glass or plastic cup and cover. ,"Sun-Maid
"
Dried Fruit,Prune Juice,Dried Fruit,Fruity,Dilute 1 part juice to 2 parts water. Bring to room temperature for serving. Place in a glass or plastic cup and cover. ,Sunsweet
Citrus Fruit,Peels of Lemon and Lime,Citrus Fruit,Fruity,Place 0.5 grams of lemon peel and 0.5 grams of lime peel in a plastic or glass cup and cover. ,
Citrus Fruit,“Le Nez du Café Revelation” (36 vials) – Vial # 15: Lemon,Citrus Fruit,Fruity,"One drop of oil on a cotton ball, place in a plastic or glass cup and cover.",Jean Lenoir “Le Nez du Café” Revelations Edition (36 Aromas)
Citrus Fruit,Scentone T100 – Vial # 26: Lemon,Citrus Fruit,Fruity,"One drop of oil on a cotton ball, place in a plastic or glass cup and cover.",“Scentone” T100 
Citrus Fruit,Scentone T100 – Vial # 28: Lime,Citrus Fruit,Fruity,"One drop of oil on a cotton ball, place in a plastic or glass cup and cover.",“Scentone” T100 
Citrus Fruit,Lemon syrup,Citrus Fruit,Fruity,Place in a glass or plastic cup and cover.,"Monin, Torani, DaVinci Gourmet"
Citrus Fruit,Citrus oils/Lemon oil ,Citrus Fruit,Fruity,"One drop of oil on a cotton ball, place in a plastic or glass cup and cover.","Salvia Oil, Nature’s Oil, Young Living/DoTerra Citrus or Lemon Essential Oil"
Vanilla/vanillin,Vanilla Extract,Vanilla/vanillin,Sweet,"Place a few drops essence on a cotton ball, place in a plastic or glass cup and cover. ",McCormick or other pure vanilla extract
Vanilla/vanillin,"“Le Nez du Café Revelation” (36 vials) – Vial #10, Vanilla",Vanilla/vanillin,Sweet,One drop of oil on a cotton ball; place in a plastic or glass cup and cover.,Jean Lenoir “Le Nez du Cafe” Revelations Edition (36 Aromas)
Vanilla/vanillin,"Scentone T100 – Vial #77, Vanilla",Vanilla/vanillin,Sweet,One drop of oil on a cotton ball; place in a plastic or glass cup and cover.,“Scentone” T100
Brown Sugar,"Brown Sugar (Muscovado, Turbinado)",Brown Sugar,Sweet,Place one teaspoon brown sugar in a glass or cup and cover. ,C&H Light Brown Sugar
Brown Sugar,"“Le Nez du Café Revelation” (36 vials) – Vial #25, Caramel",Brown Sugar,Sweet,One drop of oil on a cotton ball; place in a plastic or glass cup and cover.,Jean Lenoir “Le Nez du Cafe” Revelations Edition (36 Aromas)
Brown Sugar,"Scentone T100 – Vial #52, Brown Sugar ",Brown Sugar,Sweet,One drop of oil on a cotton ball; place in a plastic or glass cup and cover.,“Scentone” T100
Brown Sugar,"Scentone T100 – Vial #51, Caramel",Brown Sugar,Sweet,One drop of oil on a cotton ball; place in a plastic or glass cup and cover.,“Scentone” T100
Sour,White Vinegar,Sour,Sour/fermented,Place in a glass or plastic cup and cover. ,Heinz Distilled White Vinegar
Sour,5% Acetic Acid Solution,Sour,Sour/fermented,Place in a glass or plastic cup and cover. ,
Fermented,Beer,Fermented,Sour/fermented,Place in a glass or plastic cup and cover. ,"Guinness, or a stout or similar beer without hop aroma"
Green/vegetative,Parsley water,Green/vegetative,Green/vegatative,Rinse and chop 25 grams of fresh parsley. Add 300mL of water and let sit for 15 minutes. Filter out the parsley. Serve one tablespoon of the water in a glass or plastic cup. ,
Green/vegetative,“Le Nez du Café Revelation” (36 vials) – Vial #3: Garden Peas  ,Green/vegetative,Green/vegatative,"One drop of oil on a cotton ball, place in a plastic or glass cup and cover.",Jean Lenoir “Le Nez du Cafe” Revelations Edition (36 Aromas)
Green/vegetative,“Le Nez du Café Revelation” (36 vials) – Vial #4: Cucumber  ,Green/vegetative,Green/vegatative,"One drop of oil on a cotton ball, place in a plastic or glass cup and cover.",Jean Lenoir “Le Nez du Cafe” Revelations Edition (36 Aromas)
Green/vegetative,Scentone T100 – Vial #91: Cucumber,Green/vegetative,Green/vegatative,"One drop of oil on a cotton ball, place in a plastic or glass cup and cover.","""Scentone” T100"
Nutty,"Almonds and Walnuts, chopped",Nutty,Nutty/Cocoa,"Chop the almonds and walnuts separately in blenders for 45 seconds. Combine equal amounts of the chopped nuts. Put approx. 30 g. in a plastic or glass cup, cover.","Diamond sliced almonds, Diamond shelled walnuts"
Nutty,Roasted hazelnuts,Nutty,Nutty/Cocoa,Place roasted hazelnuts in a glass or plastic cup and cover. ,
Nutty,“Le Nez du Café Revelation” (36 vials) – Vial # 29: Roasted Hazelnut,Nutty,Nutty/Cocoa,"One drop of oil on a cotton ball, place in a plastic or glass cup and cover.",Jean Lenoir “Le Nez du Cafe” Revelations Edition (36 Aromas)
Nutty,"Scentone T100 – Vial #40, Hazelnut",Nutty,Nutty/Cocoa,"One drop of oil on a cotton ball, place in a plastic or glass cup and cover.",Scentone” T100
Cocoa,Natural unsweetened cocoa powder,Cocoa,Nutty/Cocoa,"Mix ¼ teaspoon with 100mL water in a glass or plastic container, cover. ",Hershey’s Cocoa Powder
Cocoa,“Le Nez du Café Revelation” (36 vials) – Vial #26: Dark Chocolate,Cocoa,Nutty/Cocoa,"One drop of oil on a cotton ball, place in a plastic or glass cup and cover.",Jean Lenoir “Le Nez du Cafe” Revelations Edition (36 Aromas)
Cocoa,Scentone T100 – Vial #56: Dark Chocolate,Cocoa,Nutty/Cocoa,"One drop of oil on a cotton ball, place in a plastic or glass cup and cover.",Scentone” T100
Spice,Spices,Spice,Spice,Mix 0.25 gr ground cinnamon + 0.25 gr ground allspice + 0.25 gr ground nutmeg + 0.06 gr ground clove. Serve ¼ teaspoon of mixture in a glass or plastic cup. Cover. ,
Spice,“Le Nez du Vin” – Vial #41: Cinnamon,Spice,Spice,"One drop of oil on a cotton ball, place in a plastic or glass cup and cover.",Jean Lenoir “Le Nez du Vin” 
Spice,“Le Nez du Vin” – Vial #42: Clove,Spice,Spice,"One drop of oil on a cotton ball, place in a plastic or glass cup and cover.",Jean Lenoir “Le Nez du Vin”
Spice,Scentone T100 – Vial #76: Cinnamon ,Spice,Spice,"One drop of oil on a cotton ball, place in a plastic or glass cup and cover.","""Scentone” T100"
Spice,Scentone T100 – Vial #79: Clove,Spice,Spice,"One drop of oil on a cotton ball, place in a plastic or glass cup and cover.","""Scentone” T100"
Roasted,Dark Roasted Coffee (Agtron #35),Roasted,Roasted,Place ground coffee in a plastic or glass cup and cover. ,
Roasted,“Le Nez du Café Revelation” (36 vials) – Vial # 34: Roasted coffee ,Roasted,Roasted,"One drop of oil on a cotton ball, place in a plastic or glass cup and cover.",Jean Lenoir “Le Nez du Cafe” Revelations Edition (36 Aromas)
Roasted,"Scentone T100 – Vial #50, Roasted Coffee Bean",Roasted,Roasted,"One drop of oil on a cotton ball, place in a plastic or glass cup and cover.","""Scentone” T100"
Chemical,Adhesive bandage,Chemical,Other,Place one plastic Band Aid adhesive bandage in a covered glass or plastic cup. ,Band Aid
Chemical,Iodine,Chemical,Other,Place ¼ cup iodine in a covered glass or plastic cup. ,
Chemical,“Le Nez du Café Revelation” (36 vials) – Vial # 35: Medicinal,Chemical,Other,"One drop of oil on a cotton ball, place in a plastic or glass cup and cover.",Jean Lenoir “Le Nez du Cafe” Revelations Edition (36 Aromas)
Musty/earthy,Commercial potting soil,Musty/earthy,Other,"Put 20g potting soil in a plastic or glass cup, cover.",Miracle-gro potting soil 
Musty/earthy,“Le Nez du Café Revelation” (36 vials) – Vial # 1: Earthy,Musty/earthy,Other,"One drop of oil on a cotton ball, place in a plastic or glass cup and cover.",Jean Lenoir “Le Nez du Cafe” Revelations Edition (36 Aromas)
Musty/earthy,Scentone T100 – Vial #92 - Mushroom ,Musty/earthy,Other,"One drop of oil on a cotton ball, place in a plastic or glass cup and cover.","""Scentone” T100"
Woody,Popsicle sticks ,Woody,Other,Break popsicle sticks to fit in sample cups of any size. Cover with a plastic lid. This may be prepared in advance.,
Fruity,Kiwi and apple syrups,Fruity,Fruity,Blend equal parts of kiwifruit syrup and apple syrups; place in a glass or plastic cup and cover.,"Monin, Torani, DaVinci Gourmet (be mindful it is plain fruit syrup, with no caramel or butter flavors)"
Berry,Blackberry syrup,Berry,Fruity,Place in a glass or plastic cup and cover.,"Monin, Torani, DaVinci Gourmet"
Berry,Raspberry syrup,Berry,Fruity,Place in a glass or plastic cup and cover.,"Monin, Torani, DaVinci Gourmet"
Citrus Fruit,Lime syrup,Citrus Fruit,Fruity,Place in a glass or plastic cup and cover.,"Monin, Torani, DaVinci Gourmet"
Vanilla/vanillin,Vanilla syrup,Vanilla/vanillin,Sweet,Place in a glass or plastic cup and cover. ,"Monin, Torani, DaVinci Gourmet "
Brown Sugar,Caramel syrup,Brown Sugar,Sweet,Place in a glass or plastic cup and cover. ,"Monin, Torani, DaVinci Gourmet "
Nutty,Almond syrup,Nutty,Nutty/Cocoa,Place in a glass or plastic cup and cover. ,"Monin, Torani, DaVinci Gourmet "
Spice,Pumpkin spice syrup,Spice,Spice,Place in a glass or plastic cup and cover. ,"Monin, Torani, DaVinci Gourmet "
Cereal,Mix of breakfast cereals,Cereal,Roasted,"Mix equal parts of puffed rice, corn flakes and oat breakfast cereals. Put in a blender and “pulse” blend into small particles. Place 1 tablespoon in a medium snifter. Cover.","General Mills, Kellogg’s, Nestlé"
Cereal,“Le Nez du Café Revelation” (36 vials) – Vial # 22: Toast ,Cereal,Roasted,"One drop of oil on a cotton ball, place in a plastic or glass cup and cover.",Jean Lenoir “Le Nez du Cafe” Revelations Edition (36 Aromas)
Cereal,"Scentone T100 – Vial #48, Malt",Cereal,Roasted,"One drop of oil on a cotton ball, place in a plastic or glass cup and cover.","""Scentone” T100"
Cereal,“Le Nez du Café Revelation” (36 vials) – Vial # 23: Malt,Cereal,Roasted,"One drop of oil on a cotton ball, place in a plastic or glass cup and cover.",Jean Lenoir “Le Nez du Cafe” Revelations Edition (36 Aromas)
Burnt,Scentone T100 – Vial #49: Burnt rice ,Burnt,Roasted,"One drop of oil on a cotton ball, place in a plastic or glass cup and cover.","""Scentone” T100"
Burnt,Burnt peanuts,Burnt,Roasted,"Preheat oven to 220°C. Place raw, blanched peanuts in a single layer
on a baking sheet lined with parchment paper. Roast for 20 minutes.
Peanuts will be burnt. Place 1 tablespoon in a medium snifter. Cover.
",
Tobacco,Cigarettes,Tobacco,Roasted,Break cigarette and place 0.1 g tobacco in a medium snifter. Cover. ,"Camel (Turkish and Domestic blends), Marlboro, Pall Mall"
Tobacco,Scentone T100 – Vial #33: Pipe tobacco,Tobacco,Roasted,"One drop of oil on a cotton ball, place in a plastic or glass cup and cover.","""Scentone” T100"
Fermented,Fermented grass,Fermented,Sour/fermented,Fill 2-ounce glass jars half full with grass and seal tightly with screw-on lids. Leave in airtight container for 2 weeks to ferment. Serve in jar. ,
Floral,"""Le Nez du Café"" (2025, 60 vials) - Vial #2: Black Tea",Floral,Floral,"One drop of oil on a cotton ball, place in a plastic or glass cup and cover.",Jean Lenoir “Le Nez du Cafe” 2025 Edition (60 Aromas)
Floral,"""Le Nez du Café"" (2025, 60 vials) - Vial #3: Rose",Floral,Floral,"One drop of oil on a cotton ball, place in a plastic or glass cup and cover.",Jean Lenoir “Le Nez du Cafe” 2025 Edition (60 Aromas)
Floral,"""Le Nez du Café"" (2025, 60 vials) - Vial #4: Jasmine",Floral,Floral,"One drop of oil on a cotton ball, place in a plastic or glass cup and cover.",Jean Lenoir “Le Nez du Cafe” 2025 Edition (60 Aromas)
Berry,"""Le Nez du Café"" (2025, 60 vials) - Vial #5: Raspberry",Berry,Fruity,"One drop of oil on a cotton ball, place in a plastic or glass cup and cover.",Jean Lenoir “Le Nez du Cafe” 2025 Edition (60 Aromas)
Berry,"""Le Nez du Café"" (2025, 60 vials) - Vial #6: Blueberry",Berry,Fruity,"One drop of oil on a cotton ball, place in a plastic or glass cup and cover.",Jean Lenoir “Le Nez du Cafe” 2025 Edition (60 Aromas)
Berry,"""Le Nez du Café"" (2025, 60 vials) - Vial #8: Strawberry",Berry,Fruity,"One drop of oil on a cotton ball, place in a plastic or glass cup and cover.",Jean Lenoir “Le Nez du Cafe” 2025 Edition (60 Aromas)
Dried Fruit,"""Le Nez du Café"" (2025, 60 vials): Vial #9: Raisin",Dried Fruit,Fruity,"One drop of oil on a cotton ball, place in a plastic or glass cup and cover.",Jean Lenoir “Le Nez du Cafe” 2025 Edition (60 Aromas)
Dried Fruit,"""Le Nez du Café"" (2025, 60 vials) - Vial #10: Prune",Dried Fruit,Fruity,"One drop of oil on a cotton ball, place in a plastic or glass cup and cover.",Jean Lenoir “Le Nez du Cafe” 2025 Edition (60 Aromas)
Fruity,"""Le Nez du Café"" (2025, 60 vials) - Vial #11: Cherry",Fruity,Fruity,"One drop of oil on a cotton ball, place in a plastic or glass cup and cover.",Jean Lenoir “Le Nez du Cafe” 2025 Edition (60 Aromas)
Fruity,"""Le Nez du Café"" (2025, 60 vials) - Vial #12: Pineapple",Fruity,Fruity,"One drop of oil on a cotton ball, place in a plastic or glass cup and cover.",Jean Lenoir “Le Nez du Cafe” 2025 Edition (60 Aromas)
Fruity,"""Le Nez du Café"" (2025, 60 vials) - Vial #16: Apple",Fruity,Fruity,"One drop of oil on a cotton ball, place in a plastic or glass cup and cover.",Jean Lenoir “Le Nez du Cafe” 2025 Edition (60 Aromas)
Fruity,"""Le Nez du Café"" (2025, 60 vials) - Vial #17: Peach",Fruity,Fruity,"One drop of oil on a cotton ball, place in a plastic or glass cup and cover.",Jean Lenoir “Le Nez du Cafe” 2025 Edition (60 Aromas)
Citrus Fruit,"""Le Nez du Café"" (2025, 60 vials) - Vial #18: Orange",Citrus Fruit,Fruity,"One drop of oil on a cotton ball, place in a plastic or glass cup and cover.",Jean Lenoir “Le Nez du Cafe” 2025 Edition (60 Aromas)
Citrus Fruit,"""Le Nez du Café"" (2025, 60 vials) - Vial #19: Lemon",Citrus Fruit,Fruity,"One drop of oil on a cotton ball, place in a plastic or glass cup and cover.",Jean Lenoir “Le Nez du Cafe” 2025 Edition (60 Aromas)
Citrus Fruit,"""Le Nez du Café"" (2025, 60 vials) - Vial #20: Lime",Citrus Fruit,Fruity,"One drop of oil on a cotton ball, place in a plastic or glass cup and cover.",Jean Lenoir “Le Nez du Cafe” 2025 Edition (60 Aromas)
Fermented,"""Le Nez du Café"" (2025, 60 vials) - Vial #22: Winey",Fermented,Sour/fermented,"One drop of oil on a cotton ball, place in a plastic or glass cup and cover.",Jean Lenoir “Le Nez du Cafe” 2025 Edition (60 Aromas)
Green/vegetative,"""Le Nez du Café"" (2025, 60 vials) - Vial #24: Peapod",Green/vegetative,Green/vegatative,"One drop of oil on a cotton ball, place in a plastic or glass cup and cover.",Jean Lenoir “Le Nez du Cafe” 2025 Edition (60 Aromas)
Green/vegetative,"""Le Nez du Café"" (2025, 60 vials) - Vial #25: Grass (Fresh)",Green/vegetative,Green/vegatative,"One drop of oil on a cotton ball, place in a plastic or glass cup and cover.",Jean Lenoir “Le Nez du Cafe” 2025 Edition (60 Aromas)
Green/vegetative,"""Le Nez du Café"" (2025, 60 vials) - Vial #26: Cucumber",Green/vegetative,Green/vegatative,"One drop of oil on a cotton ball, place in a plastic or glass cup and cover.",Jean Lenoir “Le Nez du Cafe” 2025 Edition (60 Aromas)
Green/vegetative,"""Le Nez du Café"" (2025, 60 vials) - Vial #27: Green (Bell) Pepper",Green/vegetative,Green/vegatative,"One drop of oil on a cotton ball, place in a plastic or glass cup and cover.",Jean Lenoir “Le Nez du Cafe” 2025 Edition (60 Aromas)
Green/vegetative,"""Le Nez du Café"" (2025, 60 vials) - Vial #28: Hay-like",Green/vegetative,Green/vegatative,"One drop of oil on a cotton ball, place in a plastic or glass cup and cover.",Jean Lenoir “Le Nez du Cafe” 2025 Edition (60 Aromas)
Green/vegetative,"""Le Nez du Café"" (2025, 60 vials) - Vial #29: Thyme",Green/vegetative,Green/vegatative,"One drop of oil on a cotton ball, place in a plastic or glass cup and cover.",Jean Lenoir “Le Nez du Cafe” 2025 Edition (60 Aromas)
Woody,"""Le Nez du Café"" (2025, 60 vials) - Vial #33: Cardboard",Woody,Other,"One drop of oil on a cotton ball, place in a plastic or glass cup and cover.",Jean Lenoir “Le Nez du Cafe” 2025 Edition (60 Aromas)
Woody,"""Le Nez du Café"" (2025, 60 vials) - Vial #34: Woody",Woody,Other,"One drop of oil on a cotton ball, place in a plastic or glass cup and cover.",Jean Lenoir “Le Nez du Cafe” 2025 Edition (60 Aromas)
Musty/earthy,"""Le Nez du Café"" (2025, 60 vials) - Vial #35; Moldy/Damp",Musty/earthy,Other,"One drop of oil on a cotton ball, place in a plastic or glass cup and cover.",Jean Lenoir “Le Nez du Cafe” 2025 Edition (60 Aromas)
Musty/earthy,"""Le Nez du Café"" (2025, 60 vials) - Vial #36: Musty/Earthy",Musty/earthy,Other,"One drop of oil on a cotton ball, place in a plastic or glass cup and cover.",Jean Lenoir “Le Nez du Cafe” 2025 Edition (60 Aromas)
Chemical,"""Le Nez du Café"" (2025, 60 vials) - Vial #38: Medicinal",Chemical,Other,"One drop of oil on a cotton ball, place in a plastic or glass cup and cover.",Jean Lenoir “Le Nez du Cafe” 2025 Edition (60 Aromas)
Chemical,"""Le Nez du Café"" (2025, 60 vials) - Vial #29: Tar",Chemical,Other,"One drop of oil on a cotton ball, place in a plastic or glass cup and cover.",Jean Lenoir “Le Nez du Cafe” 2025 Edition (60 Aromas)
Chemical,"""Le Nez du Café"" (2025, 60 vials) - Vial #40: Rubber",Chemical,Other,"One drop of oil on a cotton ball, place in a plastic or glass cup and cover.",Jean Lenoir “Le Nez du Cafe” 2025 Edition (60 Aromas)
Tobacco,"""Le Nez du Café"" (2025, 60 vials) - Vial #41: Tobacco",Tobacco,Roasted,"One drop of oil on a cotton ball, place in a plastic or glass cup and cover.",Jean Lenoir “Le Nez du Cafe” 2025 Edition (60 Aromas)
Burnt,"""Le Nez du Café"" (2025, 60 vials) - Vial #42: Smoky",Burnt,Roasted,"One drop of oil on a cotton ball, place in a plastic or glass cup and cover.",Jean Lenoir “Le Nez du Cafe” 2025 Edition (60 Aromas)
Cereal,"""Le Nez du Café"" (2025, 60 vials) - Vial #44: Toast",Cereal,Roasted,"One drop of oil on a cotton ball, place in a plastic or glass cup and cover.",Jean Lenoir “Le Nez du Cafe” 2025 Edition (60 Aromas)
Cereal,"""Le Nez du Café"" (2025, 60 vials) - Vial #45: Malt",Cereal,Roasted,"One drop of oil on a cotton ball, place in a plastic or glass cup and cover.",Jean Lenoir “Le Nez du Cafe” 2025 Edition (60 Aromas)
Spice,"""Le Nez du Café"" (2025, 60 vials) - Vial #46: Pepper",Spice,Spice,"One drop of oil on a cotton ball, place in a plastic or glass cup and cover.",Jean Lenoir “Le Nez du Cafe” 2025 Edition (60 Aromas)
Spice,"""Le Nez du Café"" (2025, 60 vials) - Vial #47: (Star) Anise",Spice,Spice,"One drop of oil on a cotton ball, place in a plastic or glass cup and cover.",Jean Lenoir “Le Nez du Cafe” 2025 Edition (60 Aromas)
Spice,"""Le Nez du Café"" (2025, 60 vials) - Vial #48: Nutmeg",Spice,Spice,"One drop of oil on a cotton ball, place in a plastic or glass cup and cover.",Jean Lenoir “Le Nez du Cafe” 2025 Edition (60 Aromas)
Spice,"""Le Nez du Café"" (2025, 60 vials) - Vial #49: Cinnamon",Spice,Spice,"One drop of oil on a cotton ball, place in a plastic or glass cup and cover.",Jean Lenoir “Le Nez du Cafe” 2025 Edition (60 Aromas)
Spice,"""Le Nez du Café"" (2025, 60 vials) - Vial #50: Clove",Spice,Spice,"One drop of oil on a cotton ball, place in a plastic or glass cup and cover.",Jean Lenoir “Le Nez du Cafe” 2025 Edition (60 Aromas)
Nutty,"""Le Nez du Café"" (2025, 60 vials) - Vial #51: Peanut",Nutty,Nutty/Cocoa,"One drop of oil on a cotton ball, place in a plastic or glass cup and cover.",Jean Lenoir “Le Nez du Cafe” 2025 Edition (60 Aromas)
Nutty,"""Le Nez du Café"" (2025, 60 vials) - Vial #52: Hazelnut",Nutty,Nutty/Cocoa,"One drop of oil on a cotton ball, place in a plastic or glass cup and cover.",Jean Lenoir “Le Nez du Cafe” 2025 Edition (60 Aromas)
Nutty,"""Le Nez du Café"" (2025, 60 vials) - Vial #53: Almond",Nutty,Nutty/Cocoa,"One drop of oil on a cotton ball, place in a plastic or glass cup and cover.",Jean Lenoir “Le Nez du Cafe” 2025 Edition (60 Aromas)
Nutty,"""Le Nez du Café"" (2025, 60 vials) - Vial #54: Walnut",Nutty,Nutty/Cocoa,"One drop of oil on a cotton ball, place in a plastic or glass cup and cover.",Jean Lenoir “Le Nez du Cafe” 2025 Edition (60 Aromas)
Cocoa,"""Le Nez du Café"" (2025, 60 vials) - Vial #55: Dark Chocolate",Cocoa,Nutty/Cocoa,"One drop of oil on a cotton ball, place in a plastic or glass cup and cover.",Jean Lenoir “Le Nez du Cafe” 2025 Edition (60 Aromas)
Cocoa,"""Le Nez du Café"" (2025, 60 vials) - Vial #56: Chocolate",Cocoa,Nutty/Cocoa,"One drop of oil on a cotton ball, place in a plastic or glass cup and cover.",Jean Lenoir “Le Nez du Cafe” 2025 Edition (60 Aromas)
Brown Sugar,"""Le Nez du Café"" (2025, 60 vials) - Vial #57: Brown Sugar",Brown Sugar,Sweet,"One drop of oil on a cotton ball, place in a plastic or glass cup and cover.",Jean Lenoir “Le Nez du Cafe” 2025 Edition (60 Aromas)
Brown Sugar,"""Le Nez du Café"" (2025, 60 vials) - Vial #58: Maple Syrup",Brown Sugar,Sweet,"One drop of oil on a cotton ball, place in a plastic or glass cup and cover.",Jean Lenoir “Le Nez du Cafe” 2025 Edition (60 Aromas)
Brown Sugar,"""Le Nez du Café"" (2025, 60 vials) - Vial #59: Caramelized",Brown Sugar,Sweet,"One drop of oil on a cotton ball, place in a plastic or glass cup and cover.",Jean Lenoir “Le Nez du Cafe” 2025 Edition (60 Aromas)
Vanilla/vanillin,"""Le Nez du Café"" (2025, 60 vials) - Vial #60: Vanilla",Vanilla/vanillin,Sweet,"One drop of oil on a cotton ball, place in a plastic or glass cup and cover.",Jean Lenoir “Le Nez du Cafe” 2025 Edition (60 Aromas)
Green/vegetative,The Coffee Sensorium Flavour Kit - Vial #061: Fresh Peas,Green/vegetative,Green/vegatative,"Option 1: sniff directly from vial. Option 2: 4 drops in 20 mL water. Option 3: follow package instructions (4 drops in 30 mL filtered, neutral coffee.
","Coffee Flavour Kit, by The Coffee Sensorium , in collaboration with the Federal University of Minas Gerais (UFMG)"
Chemical,The Coffee Sensorium Flavour Kit - Vial #075: Rubber,Chemical,Other,"Option 1: sniff directly from vial. Option 2: 4 drops in 20 mL water. Option 3: follow package instructions (4 drops in 30 mL filtered, neutral coffee.","Coffee Flavour Kit, by The Coffee Sensorium , in collaboration with the Federal University of Minas Gerais (UFMG)"
Fruity,The Coffee Sensorium Flavour Kit - Vial #081: Cherry,Fruity,Fruity,"Option 1: sniff directly from vial. Option 2: 4 drops in 20 mL water. Option 3: follow package instructions (4 drops in 30 mL filtered, neutral coffee.","Coffee Flavour Kit, by The Coffee Sensorium , in collaboration with the Federal University of Minas Gerais (UFMG)"
Cereal,The Coffee Sensorium Flavour Kit - Vial #104: Cereal,Cereal,Roasted,"Option 1: sniff directly from vial. Option 2: 4 drops in 20 mL water. Option 3: follow package instructions (4 drops in 30 mL filtered, neutral coffee.","Coffee Flavour Kit, by The Coffee Sensorium , in collaboration with the Federal University of Minas Gerais (UFMG)"
Vanilla/vanillin,The Coffee Sensorium Flavour Kit - Vial #121: Vanilla,Vanilla/vanillin,Sweet,"Option 1: sniff directly from vial. Option 2: 4 drops in 20 mL water. Option 3: follow package instructions (4 drops in 30 mL filtered, neutral coffee.","Coffee Flavour Kit, by The Coffee Sensorium , in collaboration with the Federal University of Minas Gerais (UFMG)"
Fruity,The Coffee Sensorium Flavour Kit - Vial #141: Banana,Fruity,Fruity,"Option 1: sniff directly from vial. Option 2: 4 drops in 20 mL water. Option 3: follow package instructions (4 drops in 30 mL filtered, neutral coffee.","Coffee Flavour Kit, by The Coffee Sensorium , in collaboration with the Federal University of Minas Gerais (UFMG)"
Citrus Fruit,The Coffee Sensorium Flavour Kit - Vial #189: Lemon,Citrus Fruit,Fruity,"Option 1: sniff directly from vial. Option 2: 4 drops in 20 mL water. Option 3: follow package instructions (4 drops in 30 mL filtered, neutral coffee.","Coffee Flavour Kit, by The Coffee Sensorium , in collaboration with the Federal University of Minas Gerais (UFMG)"
Spice,The Coffee Sensorium Flavour Kit - Vial #283: Cloves,Spice,Spice,"Option 1: sniff directly from vial. Option 2: 4 drops in 20 mL water. Option 3: follow package instructions (4 drops in 30 mL filtered, neutral coffee.","Coffee Flavour Kit, by The Coffee Sensorium , in collaboration with the Federal University of Minas Gerais (UFMG)"
Cocoa,The Coffee Sensorium Flavour Kit - Vial #292: Chocolate,Cocoa,Nutty/Cocoa,"Option 1: sniff directly from vial. Option 2: 4 drops in 20 mL water. Option 3: follow package instructions (4 drops in 30 mL filtered, neutral coffee.","Coffee Flavour Kit, by The Coffee Sensorium , in collaboration with the Federal University of Minas Gerais (UFMG)"
Fruity,The Coffee Sensorium Flavour Kit - Vial #312: Stone Fruits,Fruity,Fruity,"Option 1: sniff directly from vial. Option 2: 4 drops in 20 mL water. Option 3: follow package instructions (4 drops in 30 mL filtered, neutral coffee.","Coffee Flavour Kit, by The Coffee Sensorium , in collaboration with the Federal University of Minas Gerais (UFMG)"
Green/vegetative,The Coffee Sensorium Flavour Kit - Vial #376: Cucumber,Green/vegetative,Green/vegatative,"Option 1: sniff directly from vial. Option 2: 4 drops in 20 mL water. Option 3: follow package instructions (4 drops in 30 mL filtered, neutral coffee.","Coffee Flavour Kit, by The Coffee Sensorium , in collaboration with the Federal University of Minas Gerais (UFMG)"
Fruity,The Coffee Sensorium Flavour Kit - Vial #437: Pineapple,Fruity,Fruity,"Option 1: sniff directly from vial. Option 2: 4 drops in 20 mL water. Option 3: follow package instructions (4 drops in 30 mL filtered, neutral coffee.","Coffee Flavour Kit, by The Coffee Sensorium , in collaboration with the Federal University of Minas Gerais (UFMG)"
Brown Sugar,The Coffee Sensorium Flavour Kit - Vial #594: Caramelized Sugar,Brown Sugar,Sweet,"Option 1: sniff directly from vial. Option 2: 4 drops in 20 mL water. Option 3: follow package instructions (4 drops in 30 mL filtered, neutral coffee.","Coffee Flavour Kit, by The Coffee Sensorium , in collaboration with the Federal University of Minas Gerais (UFMG)"
Other,The Coffee Sensorium Flavour Kit - Vial #619,Other,Other,"Option 1: sniff directly from vial. Option 2: 4 drops in 20 mL water. Option 3: follow package instructions (4 drops in 30 mL filtered, neutral coffee.","Coffee Flavour Kit, by The Coffee Sensorium , in collaboration with the Federal University of Minas Gerais (UFMG)"
Nutty,The Coffee Sensorium Flavour Kit - Vial #632: Roasted Hazelnuts,Nutty,Nutty/Cocoa,"Option 1: sniff directly from vial. Option 2: 4 drops in 20 mL water. Option 3: follow package instructions (4 drops in 30 mL filtered, neutral coffee.","Coffee Flavour Kit, by The Coffee Sensorium , in collaboration with the Federal University of Minas Gerais (UFMG)"
Fruity,The Coffee Sensorium Flavour Kit - Vial #643: Apple,Fruity,Fruity,"Option 1: sniff directly from vial. Option 2: 4 drops in 20 mL water. Option 3: follow package instructions (4 drops in 30 mL filtered, neutral coffee.","Coffee Flavour Kit, by The Coffee Sensorium , in collaboration with the Federal University of Minas Gerais (UFMG)"
Green/vegetative,The Coffee Sensorium Flavour Kit - Vial #819: Underripe,Green/vegetative,Green/vegatative,"Option 1: sniff directly from vial. Option 2: 4 drops in 20 mL water. Option 3: follow package instructions (4 drops in 30 mL filtered, neutral coffee.","Coffee Flavour Kit, by The Coffee Sensorium , in collaboration with the Federal University of Minas Gerais (UFMG)"
Floral,The Coffee Sensorium Flavour Kit - Vial #875: Floral (Sweet),Floral,Floral,"Option 1: sniff directly from vial. Option 2: 4 drops in 20 mL water. Option 3: follow package instructions (4 drops in 30 mL filtered, neutral coffee.","Coffee Flavour Kit, by The Coffee Sensorium , in collaboration with the Federal University of Minas Gerais (UFMG)"
Citrus Fruit,The Coffee Sensorium Flavour Kit - Vial #917: Orange,Citrus Fruit,Fruity,"Option 1: sniff directly from vial. Option 2: 4 drops in 20 mL water. Option 3: follow package instructions (4 drops in 30 mL filtered, neutral coffee.","Coffee Flavour Kit, by The Coffee Sensorium , in collaboration with the Federal University of Minas Gerais (UFMG)"
Fruity,"FlavorActiV “apple""(ethyl hexanoate)",Fruity,Fruity,Prepare according to FlavorActiV package instructions.,FlavorActiv
Fruity,"FlavorActiV “grape"" (methyl anthranilate)",Fruity,Fruity,Prepare according to FlavorActiV package instructions.,FlavorActiv
Fruity,"FlavorActiV “coconut"" (whiskey lactone)",Fruity,Fruity,Prepare according to FlavorActiV package instructions.,FlavorActiv
Fruity,"FlavorActiV “pineapple"" (ethyl butyrate)",Fruity,Fruity,Prepare according to FlavorActiV package instructions.,FlavorActiv
Sour,"FlavorActiV “acetic"" (acetic acid)",Sour,Sour/fermented,Prepare according to FlavorActiV package instructions.,FlavorActiv
Sour,"FlavorActiV “butyric"" (butyric acid)",Sour,Sour/fermented,Prepare according to FlavorActiV package instructions.,FlavorActiv
Sour,"FlavorActiV “isovaleric (cheese)"" (isovaleric acid)",Sour,Sour/fermented,Prepare according to FlavorActiV package instructions.,FlavorActiv
Fermented,"FlavorActiV ""fermented"" (ethyl isovalerate)",Fermented,Sour/fermented,Prepare according to FlavorActiV package instructions.,FlavorActiv
Green/vegetative,"FlavorActiV “under-ripe fruit"" (acetaldehyde)",Green/vegetative,Green/vegatative,Prepare according to FlavorActiV package instructions.,FlavorActiv
Green/vegetative,"FlavorActiV “freshly cut grass"" (cis-3-hexanol)",Green/vegetative,Green/vegatative,Prepare according to FlavorActiV package instructions.,FlavorActiv
Woody,"FlavorActiV “papery""(trans-2-nonenal)",Woody,Other,Prepare according to FlavorActiV package instructions.,FlavorActiv
Musty/earthy,"FlavorActiV “wet earthy"" (2-ethyl fenchol)",Musty/earthy,Other,Prepare according to FlavorActiV package instructions.,FlavorActiv
Musty/earthy,"FlavorActiV “dry earth"" (geosmin)",Musty/earthy,Other,Prepare according to FlavorActiV package instructions.,FlavorActiv
Musty/earthy,"FlavorActiV “moldy-damp"" (2, 4, 6 trichloroanisole)",Musty/earthy,Other,Prepare according to FlavorActiV package instructions.,FlavorActiv
Chemical,"FlavorActiV “medicinal (o-cresol)"" (Methyl Phenol)",Chemical,Other,Prepare according to FlavorActiV package instructions.,FlavorActiv
Chemical,"FlavorActiV “diesel/motor fuel"" (p-cymene)",Chemical,Other,Prepare according to FlavorActiV package instructions.,FlavorActiv
Spice,"FlavorActiV “phenolic"" [cloves-like] (4-vinyl guiacol)",Spice,Spice,Prepare according to FlavorActiV package instructions.,FlavorActiv
Nutty,"FlavorActiV “almond"" (benzaldehyde)",Nutty,Nutty/Cocoa,Prepare according to FlavorActiV package instructions.,FlavorActiv
Vanilla/vanillin,"FlavorActiV “vanilla"" (vanillin)",Vanilla/vanillin,Sweet,Prepare according to FlavorActiV package instructions.,FlavorActiv
Floral,"FlavorActiV “rose/floral"" (geraniol)",Floral,Floral,Prepare according to FlavorActiV package instructions.,FlavorActiv
Floral,FlavorActiV “indole”,Floral,Floral,Prepare according to FlavorActiV package instructions.,FlavorActiv